OBJECTID_1,LABEL,GRADE,OWNERSHIP,CAPACITY,DISTANCE,DISP_CODE,Name,CNAME_2006,SNAME_2006,Parish,DISTRICT,x,y
662,KAM119,HC III,GOVERNMENT,0,5,7,Kiruddu Buziga,KAMPALA CITY COUNCIL,MAKINDYE DIVISION,Salaama,KAMPALA,32.612,0.248
667,KAM118,HC II,PRIVATE,0,1,12,Hope Clinic,KAMPALA CITY COUNCIL,MAKINDYE DIVISION,Buziga,KAMPALA,32.626,0.253
670,KAM116,HC II,PRIVATE,0,1,12,Eureka Medical Center,KAMPALA CITY COUNCIL,MAKINDYE DIVISION,Ggaba,KAMPALA,32.635,0.257
671,KAM117,HC II,PRIVATE,0,2,12,Kisakyamukama,KAMPALA CITY COUNCIL,MAKINDYE DIVISION,Ggaba,KAMPALA,32.629,0.257
672,KAM114,HC II,PRIVATE,0,1,12,Ndiwalana Docilliary,KAMPALA CITY COUNCIL,MAKINDYE DIVISION,Ggaba,KAMPALA,32.635,0.257
675,KAM115,HC II,NGO,0,2,11,Gaba Community,KAMPALA CITY COUNCIL,MAKINDYE DIVISION,Ggaba,KAMPALA,32.635,0.258
680,KAM120,HC II,PRIVATE,0,1,12,Life Star General Med,KAMPALA CITY COUNCIL,MAKINDYE DIVISION,Salaama,KAMPALA,32.596,0.267
683,KAM121,HC II,PRIVATE,8,3,12,Ht Health Care,KAMPALA CITY COUNCIL,MAKINDYE DIVISION,Salaama,KAMPALA,32.599,0.270
684,KAM113,HC II,PRIVATE,0,1,12,Jbk Medical Center,KAMPALA CITY COUNCIL,MAKINDYE DIVISION,Ggaba,KAMPALA,32.618,0.271
686,KAM126,HC II,PRIVATE,0,1,12,Kyowola,KAMPALA CITY COUNCIL,MAKINDYE DIVISION,Luwafu,KAMPALA,32.589,0.271
687,KAM122,HC II,PRIVATE,0,4,12,Kkonge,KAMPALA CITY COUNCIL,MAKINDYE DIVISION,Lukuli,KAMPALA,32.609,0.272
689,KAM127,HC II,PRIVATE,0,1,12,St Balikuddembe,KAMPALA CITY COUNCIL,MAKINDYE DIVISION,Luwafu,KAMPALA,32.584,0.272
690,KAM203,HC III,NGO,4,5,8,Globe Clinic,KAMPALA CITY COUNCIL,MAKINDYE DIVISION,Luwafu,KAMPALA,32.587,0.273
692,KAM202,HC II,PRIVATE,0,4,12,Kaggo,KAMPALA CITY COUNCIL,MAKINDYE DIVISION,Lukuli,KAMPALA,32.601,0.277
694,KAM230,HC III,PRIVATE,0,1,9,Busambala,KAMPALA CITY COUNCIL,RUBAGA DIVISION,Najjanankumbi I,KAMPALA,32.566,0.278
695,KAM123,HC II,NGO,0,1,11,Hope Clinic,KAMPALA CITY COUNCIL,MAKINDYE DIVISION,Lukuli,KAMPALA,32.600,0.279
696,KAM205,HC II,PRIVATE,0,2,12,Makindye Med Center,KAMPALA CITY COUNCIL,MAKINDYE DIVISION,Makindye I,KAMPALA,32.588,0.280
697,KAM124,HC II,PRIVATE,4,2,12,Kan International,KAMPALA CITY COUNCIL,MAKINDYE DIVISION,Makindye I,KAMPALA,32.591,0.281
698,KAM157,HC III,GOVERNMENT,0,4,7,Kitebi,KAMPALA CITY COUNCIL,RUBAGA DIVISION,Mutundwe,KAMPALA,32.545,0.282
699,KAM206,HC III,PRIVATE,0,1,9,Makindye Dom,KAMPALA CITY COUNCIL,MAKINDYE DIVISION,Makindye II,KAMPALA,32.581,0.283
700,KAM229,HC III,PRIVATE,0,2,9,Nyanama Dom,KAMPALA CITY COUNCIL,RUBAGA DIVISION,Mutundwe,KAMPALA,32.549,0.284
701,KAM125,HC III,NGO,10,8,8,Sir Albert Cook,KAMPALA CITY COUNCIL,MAKINDYE DIVISION,Makindye II,KAMPALA,32.582,0.284
702,KAM223,HC III,PRIVATE,0,1,9,Kampala Royal,KAMPALA CITY COUNCIL,RUBAGA DIVISION,Kabowa,KAMPALA,32.554,0.285
704,KAM231,HC III,PRIVATE,0,1,9,Ycs Dispensary,KAMPALA CITY COUNCIL,RUBAGA DIVISION,Najjanankumbi II,KAMPALA,32.565,0.285
705,KAM204,HC II,PRIVATE,0,1,12,St Jude,KAMPALA CITY COUNCIL,MAKINDYE DIVISION,Makindye I,KAMPALA,32.587,0.287
706,KAM128,HC III,PRIVATE,4,3,9,New Five Star,KAMPALA CITY COUNCIL,MAKINDYE DIVISION,Makindye II,KAMPALA,32.579,0.287
707,KAM133,HC II,PRIVATE,0,0,12,Salama Road,KAMPALA CITY COUNCIL,MAKINDYE DIVISION,Kibuye II,KAMPALA,32.573,0.287
709,KAM134,HC II,PRIVATE,0,1,12,St Paul,KAMPALA CITY COUNCIL,MAKINDYE DIVISION,Kibuye II,KAMPALA,32.577,0.289
710,KAM112,HC II,PRIVATE,0,1,12,Paragon,KAMPALA CITY COUNCIL,MAKINDYE DIVISION,Kansanga-Muyenga,KAMPALA,32.606,0.289
712,KAM132,HC II,PRIVATE,0,1,12,Matilida,KAMPALA CITY COUNCIL,MAKINDYE DIVISION,Kibuye II,KAMPALA,32.572,0.290
714,KAM224,HC III,PRIVATE,0,2,9,St Mary'S,KAMPALA CITY COUNCIL,RUBAGA DIVISION,Kabowa,KAMPALA,32.562,0.291
715,KAM129,HC II,PRIVATE,0,0,12,St Anthony,KAMPALA CITY COUNCIL,MAKINDYE DIVISION,Kibuye I,KAMPALA,32.580,0.291
716,KAM130,HC II,PRIVATE,14,4,12,Safe Guard Nursing Home,KAMPALA CITY COUNCIL,MAKINDYE DIVISION,Kibuye I,KAMPALA,32.579,0.292
717,KAM235,HC III,PRIVATE,0,4,9,Joy Medical Center,KAMPALA CITY COUNCIL,RUBAGA DIVISION,Ndeeba,KAMPALA,32.567,0.293
718,KAM201,HC II,PRIVATE,0,1,12,Easter Clinic,KAMPALA CITY COUNCIL,MAKINDYE DIVISION,Kibuye I,KAMPALA,32.576,0.293
719,KAM131,HC II,PRIVATE,7,6,12,Mukisa,KAMPALA CITY COUNCIL,MAKINDYE DIVISION,Kibuye I,KAMPALA,32.578,0.293
720,KAM208,HC III,PRIVATE,0,1,9,Tusuubira Clinic,KAMPALA CITY COUNCIL,MAKINDYE DIVISION,Nsambya Central,KAMPALA,32.591,0.293
721,KAM211,HC III,PRIVATE,0,2,9,Family Care,KAMPALA CITY COUNCIL,MAKINDYE DIVISION,Nsambya Central,KAMPALA,32.588,0.294
722,KAM111,HC II,PRIVATE,0,1,12,Kampala University,KAMPALA CITY COUNCIL,MAKINDYE DIVISION,Kansanga-Muyenga,KAMPALA,32.605,0.294
723,KAM237,HC III,PRIVATE,0,2,9,Zuula Diagonistic,KAMPALA CITY COUNCIL,RUBAGA DIVISION,Ndeeba,KAMPALA,32.561,0.294
724,KAM110,HC II,PRIVATE,0,1,12,St Nicholas,KAMPALA CITY COUNCIL,MAKINDYE DIVISION,Kabalagala,KAMPALA,32.604,0.295
728,KAM138,HC III,PRIVATE,20,8,9,Zaam Martenity,KAMPALA CITY COUNCIL,MAKINDYE DIVISION,Katwe I,KAMPALA,32.575,0.296
729,KAM198,HC III,PRIVATE,2,4,9,Katwe Central,KAMPALA CITY COUNCIL,RUBAGA DIVISION,Ndeeba,KAMPALA,32.573,0.298
730,KAM137,HC II,PRIVATE,2,4,12,Ngabo Clinic,KAMPALA CITY COUNCIL,MAKINDYE DIVISION,Katwe I,KAMPALA,32.575,0.299
732,KAM199,HC II,PRIVATE,0,1,12,Dom Health Center,KAMPALA CITY COUNCIL,MAKINDYE DIVISION,Katwe II,KAMPALA,32.579,0.299
734,KAM108,HC III,PRIVATE,14,2,9,Marie Stopes,KAMPALA CITY COUNCIL,MAKINDYE DIVISION,Kabalagala,KAMPALA,32.602,0.299
736,KAM214,HOSPITAL,GOVERNMENT,80,2,1,Murchison Bay,KAMPALA CITY COUNCIL,NAKAWA DIVISION,Luzira Prisons,KAMPALA,32.636,0.300
737,KAM136,HC II,PRIVATE,0,1,12,Basirika,KAMPALA CITY COUNCIL,MAKINDYE DIVISION,Katwe I,KAMPALA,32.576,0.300
739,KAM135,HC II,PRIVATE,0,3,12,Kwerinda,KAMPALA CITY COUNCIL,MAKINDYE DIVISION,Katwe I,KAMPALA,32.576,0.300
740,KAM98,HC III,NGO,20,15,8,St Stephene,KAMPALA CITY COUNCIL,NAKAWA DIVISION,Luzira,KAMPALA,32.648,0.301
742,KAM101,HC II,PRIVATE,0,2,12,Martyrs Antenatal,KAMPALA CITY COUNCIL,NAKAWA DIVISION,Luzira,KAMPALA,32.647,0.301
743,KAM210,HOSPITAL,NGO,200,9,2,Nsambya,KAMPALA CITY COUNCIL,MAKINDYE DIVISION,Katwe II,KAMPALA,32.583,0.301
744,KAM167,HC III,PRIVATE,0,0,9,Lusaka Nursing Home,KAMPALA CITY COUNCIL,CENTRAL DIVISION,Kisenyi III,KAMPALA,32.573,0.302
745,KAM200,HC II,PRIVATE,0,1,12,Nambogwe,KAMPALA CITY COUNCIL,MAKINDYE DIVISION,Katwe II,KAMPALA,32.580,0.303
746,KAM234,HC III,PRIVATE,0,1,9,Bazadde Clinic,KAMPALA CITY COUNCIL,RUBAGA DIVISION,Nateete,KAMPALA,32.536,0.303
747,KAM156,HC III,PRIVATE,1,2,9,Tusubira Health Care,KAMPALA CITY COUNCIL,RUBAGA DIVISION,Busega,KAMPALA,32.524,0.303
748,KAM232,HC III,PRIVATE,0,1,9,St Joseph,KAMPALA CITY COUNCIL,RUBAGA DIVISION,Nateete,KAMPALA,32.531,0.303
749,KAM107,HC III,PRIVATE,14,2,9,Kairos,KAMPALA CITY COUNCIL,MAKINDYE DIVISION,Bukasa,KAMPALA,32.614,0.303
750,KAM168,HC III,PRIVATE,6,2,9,Biva Martenity Center,KAMPALA CITY COUNCIL,CENTRAL DIVISION,Kisenyi III,KAMPALA,32.575,0.304
752,KAM106,HC III,PRIVATE,4,4,9,Marie Stopes,KAMPALA CITY COUNCIL,MAKINDYE DIVISION,Bukasa,KAMPALA,32.614,0.304
753,KAM105,HC II,PRIVATE,5,3,12,Namuwongo Nursing,KAMPALA CITY COUNCIL,MAKINDYE DIVISION,Bukasa,KAMPALA,32.613,0.305
754,KAM97,HC II,PRIVATE,0,1,12,Luzira Clinic,KAMPALA CITY COUNCIL,NAKAWA DIVISION,Luzira,KAMPALA,32.644,0.305
755,KAM236,HOSPITAL,NGO,300,21,2,Rubaga,KAMPALA CITY COUNCIL,RUBAGA DIVISION,Rubaga,KAMPALA,32.552,0.305
756,KAM100,HC II,PRIVATE,0,4,12,Gloria,KAMPALA CITY COUNCIL,NAKAWA DIVISION,Butabika,KAMPALA,32.651,0.305
757,KAM103,HC II,PRIVATE,0,2,12,Intracare Med Center,KAMPALA CITY COUNCIL,NAKAWA DIVISION,Luzira,KAMPALA,32.643,0.305
758,KAM209,HC III,PRIVATE,0,1,9,Nsambya Ralways,KAMPALA CITY COUNCIL,MAKINDYE DIVISION,Nsambya Railway,KAMPALA,32.585,0.305
759,KAM166,HC III,NGO,0,4,8,Noor Islamic,KAMPALA CITY COUNCIL,CENTRAL DIVISION,Mengo,KAMPALA,32.569,0.306
760,KAM102,HC III,NGO,20,10,8,Luzira Sda,KAMPALA CITY COUNCIL,NAKAWA DIVISION,Luzira,KAMPALA,32.648,0.306
762,KAM165,HC III,GOVERNMENT,2,8,7,Kisnyi,KAMPALA CITY COUNCIL,CENTRAL DIVISION,Kisenyi II,KAMPALA,32.572,0.307
763,KAM212,HC II,PRIVATE,0,1,12,St Jude Family,KAMPALA CITY COUNCIL,MAKINDYE DIVISION,Kibuli,KAMPALA,32.599,0.308
764,KAM104,HC II,PRIVATE,0,1,12,St Paul Clinic,KAMPALA CITY COUNCIL,MAKINDYE DIVISION,Kisugu,KAMPALA,32.611,0.308
766,KAM233,HC III,NGO,0,4,8,Nateete Archdiconery,KAMPALA CITY COUNCIL,RUBAGA DIVISION,Nateete,KAMPALA,32.535,0.309
767,KAM155,HC II,PRIVATE,0,1,12,Mirembe Clinic,KAMPALA CITY COUNCIL,RUBAGA DIVISION,Nateete,KAMPALA,32.540,0.310
768,KAM109,HOSPITAL,NGO,40,12,2,Kibuli,KAMPALA CITY COUNCIL,MAKINDYE DIVISION,Kibuli,KAMPALA,32.595,0.310
769,KAM207,HC II,PRIVATE,0,1,12,Nsambya Police,KAMPALA CITY COUNCIL,MAKINDYE DIVISION,Nsambya Police Barracks,KAMPALA,32.590,0.310
770,KAM154,HC III,PRIVATE,2,4,9,Biva Martenity Center,KAMPALA CITY COUNCIL,RUBAGA DIVISION,Namirembe,KAMPALA,32.562,0.310
771,KAM182,HC III,PRIVATE,0,1,9,Polytivic Clinic,KAMPALA CITY COUNCIL,CENTRAL DIVISION,Nakasero IV,KAMPALA,32.579,0.311
772,KAM162,HC III,GOVERNMENT,0,2,7,Urc Clinic,KAMPALA CITY COUNCIL,CENTRAL DIVISION,Civic Centre,KAMPALA,32.584,0.311
773,KAM153,HC III,PRIVATE,3,2,9,Patience,KAMPALA CITY COUNCIL,RUBAGA DIVISION,Namirembe,KAMPALA,32.564,0.311
775,KAM161,HC III,PRIVATE,0,1,9,Kims,KAMPALA CITY COUNCIL,CENTRAL DIVISION,Civic Centre,KAMPALA,32.582,0.311
776,KAM159,HC III,GOVERNMENT,0,4,7,Kampala Dispensary,KAMPALA CITY COUNCIL,CENTRAL DIVISION,Civic Centre,KAMPALA,32.586,0.311
777,KAM222,HOSPITAL,NGO,400,20,2,Mengo,KAMPALA CITY COUNCIL,RUBAGA DIVISION,Namirembe,KAMPALA,32.558,0.312
778,KAM219,HC III,PRIVATE,0,1,9,Mubwegombe,KAMPALA CITY COUNCIL,RUBAGA DIVISION,Lungujja,KAMPALA,32.546,0.312
779,KAM152,HC III,PRIVATE,0,5,9,Sese Med Center,KAMPALA CITY COUNCIL,RUBAGA DIVISION,Namirembe,KAMPALA,32.565,0.312
780,KAM164,HC III,PRIVATE,0,1,9,St Paul Nursing Home,KAMPALA CITY COUNCIL,CENTRAL DIVISION,Kisenyi I,KAMPALA,32.571,0.312
782,KAM181,HC III,PRIVATE,0,4,9,Dr Ahmed Clinic,KAMPALA CITY COUNCIL,CENTRAL DIVISION,Nakasero IV,KAMPALA,32.576,0.313
784,KAM188,HC III,PRIVATE,0,4,9,Jjumbo Clinic,KAMPALA CITY COUNCIL,CENTRAL DIVISION,Mengo,KAMPALA,32.568,0.313
785,KAM218,HC III,PRIVATE,0,1,9,Akwata Mpola,KAMPALA CITY COUNCIL,RUBAGA DIVISION,Lungujja,KAMPALA,32.535,0.313
786,KAM158,HOSPITAL,NGO,20,6,2,International,KAMPALA CITY COUNCIL,CENTRAL DIVISION,Old Kampala,KAMPALA,32.569,0.314
787,KAM99,HOSPITAL,GOVERNMENT,100,5,1,Butabika,KAMPALA CITY COUNCIL,NAKAWA DIVISION,Butabika,KAMPALA,32.658,0.314
788,KAM160,HC IV,PRIVATE,2,5,6,Nyondo Clinic,KAMPALA CITY COUNCIL,CENTRAL DIVISION,Civic Centre,KAMPALA,32.588,0.314
789,KAM185,HC III,PRIVATE,0,4,9,St Catherine,KAMPALA CITY COUNCIL,CENTRAL DIVISION,Nakivubo Shauliyako,KAMPALA,32.575,0.314
791,KAM183,HC III,PRIVATE,0,1,9,Channel Street,KAMPALA CITY COUNCIL,CENTRAL DIVISION,Nakivubo Shauliyako,KAMPALA,32.574,0.315
793,KAM221,HC III,PRIVATE,0,1,9,Namirembe Clinic,KAMPALA CITY COUNCIL,RUBAGA DIVISION,Namirembe,KAMPALA,32.557,0.315
794,KAM151,HC III,NGO,10,3,8,Saidinah Abubakar,KAMPALA CITY COUNCIL,RUBAGA DIVISION,Namirembe,KAMPALA,32.562,0.316
796,KAM189,HOSPITAL,NGO,45,15,2,Old Kampala,KAMPALA CITY COUNCIL,CENTRAL DIVISION,Old Kampala,KAMPALA,32.568,0.316
797,KAM184,HC III,PRIVATE,0,4,9,Nakivubo,KAMPALA CITY COUNCIL,CENTRAL DIVISION,Nakivubo Shauliyako,KAMPALA,32.573,0.316
798,KAM187,HC III,PRIVATE,0,4,9,Aia Medical Services,KAMPALA CITY COUNCIL,CENTRAL DIVISION,Old Kampala,KAMPALA,32.570,0.316
799,KAM186,HC III,PRIVATE,2,6,9,Amar Med Center,KAMPALA CITY COUNCIL,CENTRAL DIVISION,Old Kampala,KAMPALA,32.570,0.316
800,KAM96,HC II,PRIVATE,0,2,12,Urhb,KAMPALA CITY COUNCIL,NAKAWA DIVISION,Mutungo,KAMPALA,32.631,0.317
801,KAM95,HC II,PRIVATE,0,1,12,Dairy Corporation,KAMPALA CITY COUNCIL,CENTRAL DIVISION,Industrial Area,KAMPALA,32.611,0.317
802,KAM178,HC III,PRIVATE,0,7,9,Osler Clinic,KAMPALA CITY COUNCIL,CENTRAL DIVISION,Nakasero III,KAMPALA,32.572,0.318
804,KAM176,HC III,PRIVATE,12,4,9,Bou Medical Center,KAMPALA CITY COUNCIL,CENTRAL DIVISION,Nakasero III,KAMPALA,32.572,0.319
805,KAM174,HC III,PRIVATE,0,4,9,Allied Med,KAMPALA CITY COUNCIL,CENTRAL DIVISION,Nakasero III,KAMPALA,32.573,0.319
806,KAM169,HC III,PRIVATE,0,8,9,Bmk Wampewo,KAMPALA CITY COUNCIL,CENTRAL DIVISION,Kololo Iv,KAMPALA,32.593,0.319
807,KAM93,HOSPITAL,PRIVATE,40,10,3,Bugolobi,KAMPALA CITY COUNCIL,NAKAWA DIVISION,Kiswa,KAMPALA,32.622,0.320
808,KAM179,HC III,PRIVATE,0,5,9,Dr Ntege,KAMPALA CITY COUNCIL,CENTRAL DIVISION,Nakasero III,KAMPALA,32.573,0.320
809,KAM217,HC II,PRIVATE,0,0,12,Teo[Ista,KAMPALA CITY COUNCIL,NAKAWA DIVISION,Mbuya II,KAMPALA,32.634,0.320
810,KAM94,HC III,GOVERNMENT,5,5,7,Kiswa,KAMPALA CITY COUNCIL,NAKAWA DIVISION,Bogolobi,KAMPALA,32.617,0.321
812,KAM175,HC III,PRIVATE,0,1,9,Midlands,KAMPALA CITY COUNCIL,CENTRAL DIVISION,Nakasero III,KAMPALA,32.574,0.321
815,KAM220,HC III,PRIVATE,0,4,9,Frosa Clinic,KAMPALA CITY COUNCIL,RUBAGA DIVISION,Namirembe,KAMPALA,32.560,0.323
816,KAM180,HC III,PRIVATE,5,7,9,Case Clinic,KAMPALA CITY COUNCIL,CENTRAL DIVISION,Nakasero III,KAMPALA,32.575,0.323
817,KAM150,HC III,PRIVATE,2,1,9,General Medical Care,KAMPALA CITY COUNCIL,RUBAGA DIVISION,Namirembe,KAMPALA,32.561,0.324
819,KAM177,HC III,PRIVATE,5,8,9,Mayo Clinic,KAMPALA CITY COUNCIL,CENTRAL DIVISION,Nakasero III,KAMPALA,32.573,0.324
820,KAM173,HC III,PRIVATE,0,0,9,St Catherine,KAMPALA CITY COUNCIL,CENTRAL DIVISION,Nakasero III,KAMPALA,32.573,0.325
821,KAM141,HC IV,PRIVATE,10,5,6,St Francis Bukesa,KAMPALA CITY COUNCIL,CENTRAL DIVISION,Bukesa,KAMPALA,32.562,0.325
822,KAM172,HC III,PRIVATE,0,1,9,Sas Clinic,KAMPALA CITY COUNCIL,CENTRAL DIVISION,Nakasero III,KAMPALA,32.573,0.325
823,KAM225,HC III,PRIVATE,0,0,9,Den Clinic,KAMPALA CITY COUNCIL,RUBAGA DIVISION,Nakulabye,KAMPALA,32.558,0.325
825,KAM163,HC IV,NGO,5,6,5,Kagugube,KAMPALA CITY COUNCIL,CENTRAL DIVISION,Kagugube,KAMPALA,32.570,0.325
826,KAM142,HC III,PRIVATE,4,2,9,Daka Med Aid,KAMPALA CITY COUNCIL,RUBAGA DIVISION,Nakulabye,KAMPALA,32.561,0.326
827,KAM226,HC III,PRIVATE,0,1,9,Medi Consultants,KAMPALA CITY COUNCIL,RUBAGA DIVISION,Nakulabye,KAMPALA,32.557,0.326
829,KAM140,HC III,PRIVATE,4,3,9,Kadic,KAMPALA CITY COUNCIL,RUBAGA DIVISION,Nakulabye,KAMPALA,32.562,0.327
830,KAM139,HC II,PRIVATE,0,1,12,Makerere F. Clinic,KAMPALA CITY COUNCIL,CENTRAL DIVISION,Kagugube,KAMPALA,32.566,0.327
831,KAM216,HC III,PRIVATE,0,4,9,St Joseph,KAMPALA CITY COUNCIL,NAKAWA DIVISION,Mbuya I,KAMPALA,32.622,0.327
833,KAM11,HOSPITAL,GOVERNMENT,30,2,1,Makerere University,KAMPALA CITY COUNCIL,CENTRAL DIVISION,Kagugube,KAMPALA,32.570,0.328
836,KAM148,HC II,NGO,0,2,11,Kasubi Cou,KAMPALA CITY COUNCIL,RUBAGA DIVISION,Nakulabye,KAMPALA,32.551,0.329
838,KAM171,HC III,PRIVATE,4,2,9,Basil Medical Center,KAMPALA CITY COUNCIL,CENTRAL DIVISION,Nakasero II,KAMPALA,32.577,0.329
839,KAM227,HC III,PRIVATE,0,1,9,St Agnes,KAMPALA CITY COUNCIL,RUBAGA DIVISION,Nakulabye,KAMPALA,32.557,0.329
840,KAM42,HC II,PRIVATE,0,1,12,Namela Medicla Center,KAMPALA CITY COUNCIL,CENTRAL DIVISION,Kololo I,KAMPALA,32.604,0.329
841,KAM41,HC III,GOVERNMENT,5,5,7,Naguru Health Center,KAMPALA CITY COUNCIL,NAKAWA DIVISION,Naguru I,KAMPALA,32.606,0.329
842,KAM149,HC III,PRIVATE,5,2,9,Kasubi Domicilliary,KAMPALA CITY COUNCIL,RUBAGA DIVISION,Nakulabye,KAMPALA,32.551,0.329
843,KAM147,HC II,PRIVATE,0,1,12,Royal Hill Clinic,KAMPALA CITY COUNCIL,RUBAGA DIVISION,Kasubi,KAMPALA,32.553,0.330
845,KAM56,HC II,PRIVATE,0,0,12,Kampala Skin Clinic,KAMPALA CITY COUNCIL,KAWEMPE DIVISION,Wandegeya,KAMPALA,32.574,0.331
846,KAM215,HOSPITAL,GOVERNMENT,200,8,1,Mbuya Millitary,KAMPALA CITY COUNCIL,NAKAWA DIVISION,Mbuya I,KAMPALA,32.625,0.331
847,KAM12,HC II,PRIVATE,0,1,12,Abi Clinic,KAMPALA CITY COUNCIL,KAWEMPE DIVISION,Wandegeya,KAMPALA,32.573,0.331
848,KAM170,HC IV,PRIVATE,12,8,6,Victoria Medical Center,KAMPALA CITY COUNCIL,CENTRAL DIVISION,Nakasero II,KAMPALA,32.576,0.332
849,KAM13,HC II,PRIVATE,0,1,12,Wandegeya Clinic,KAMPALA CITY COUNCIL,KAWEMPE DIVISION,Wandegeya,KAMPALA,32.573,0.332
851,KAM54,HC II,PRIVATE,0,8,12,Mac Clinic,KAMPALA CITY COUNCIL,KAWEMPE DIVISION,University (Makerere),KAMPALA,32.573,0.333
853,KAM55,HC II,PRIVATE,0,8,12,Jas Med,KAMPALA CITY COUNCIL,KAWEMPE DIVISION,University (Makerere),KAMPALA,32.572,0.334
855,KAM20,HOSPITAL,PRIVATE,40,10,3,Kololo,KAMPALA CITY COUNCIL,CENTRAL DIVISION,Kololo II,KAMPALA,32.588,0.334
857,KAM15,HOSPITAL,GOVERNMENT,600,40,1,Mulago,KAMPALA CITY COUNCIL,KAWEMPE DIVISION,Mulago I,KAMPALA,32.576,0.336
859,KAM16,HC II,PRIVATE,1,2,12,Family Planning Clinic,KAMPALA CITY COUNCIL,KAWEMPE DIVISION,Mulago I,KAMPALA,32.581,0.337
860,KAM196,HC II,PRIVATE,0,0,12,Bunawona,KAMPALA CITY COUNCIL,KAWEMPE DIVISION,University (Makerere),KAMPALA,32.568,0.338
861,KAM143,HOSPITAL,NGO,15,5,2,Namungoona,KAMPALA CITY COUNCIL,RUBAGA DIVISION,Lubia,KAMPALA,32.544,0.338
862,KAM18,HC II,PRIVATE,0,1,12,Dental Clinic Kamwokya,KAMPALA CITY COUNCIL,KAWEMPE DIVISION,Mulago I,KAMPALA,32.584,0.338
863,KAM195,HC II,PRIVATE,0,0,12,Makerere West,KAMPALA CITY COUNCIL,KAWEMPE DIVISION,Makerere II,KAMPALA,32.563,0.339
864,KAM19,HC II,PRIVATE,0,1,12,Kololo Joint Clinic,KAMPALA CITY COUNCIL,KAWEMPE DIVISION,Mulago I,KAMPALA,32.585,0.340
867,KAM43,HC II,PRIVATE,0,2,12,Model Clinic,KAMPALA CITY COUNCIL,KAWEMPE DIVISION,Makerere I,KAMPALA,32.571,0.340
868,KAM21,HC II,PRIVATE,0,1,12,Kololo Poly Clinic,KAMPALA CITY COUNCIL,CENTRAL DIVISION,Kamwokya II,KAMPALA,32.588,0.341
869,KAM17,HC II,PRIVATE,0,0,12,Theta,KAMPALA CITY COUNCIL,KAWEMPE DIVISION,Mulago I,KAMPALA,32.583,0.341
870,KAM197,HC II,PRIVATE,0,1,12,Life Saver,KAMPALA CITY COUNCIL,KAWEMPE DIVISION,University (Makerere),KAMPALA,32.567,0.341
871,KAM22,HC II,PRIVATE,0,1,12,Madam Dental Clinic,KAMPALA CITY COUNCIL,CENTRAL DIVISION,Kamwokya II,KAMPALA,32.588,0.341
872,KAM75,HC II,PRIVATE,0,0,12,St Joseph,KAMPALA CITY COUNCIL,KAWEMPE DIVISION,Mulago II,KAMPALA,32.576,0.342
873,KAM44,HC II,PRIVATE,0,1,12,Kampala Imaging,KAMPALA CITY COUNCIL,KAWEMPE DIVISION,Makerere I,KAMPALA,32.570,0.342
874,KAM144,HC III,PRIVATE,4,3,9,Bukirwa Nursing Home,KAMPALA CITY COUNCIL,RUBAGA DIVISION,Kasubi,KAMPALA,32.544,0.342
875,KAM146,HC II,PRIVATE,0,1,12,Bambi Clinic,KAMPALA CITY COUNCIL,RUBAGA DIVISION,Lubia,KAMPALA,32.541,0.342
876,KAM92,HC II,PRIVATE,8,0,12,Families,KAMPALA CITY COUNCIL,NAKAWA DIVISION,Kyambogo,KAMPALA,32.635,0.342
877,KAM145,HC III,PRIVATE,2,1,9,Life Care Consultants,KAMPALA CITY COUNCIL,RUBAGA DIVISION,Lubia,KAMPALA,32.543,0.343
879,KAM23,HC II,PRIVATE,0,1,12,Kamwokya Med Center,KAMPALA CITY COUNCIL,CENTRAL DIVISION,Kamwokya II,KAMPALA,32.589,0.343
880,KAM24,HC II,PRIVATE,0,1,12,Family Doctors,KAMPALA CITY COUNCIL,CENTRAL DIVISION,Kamwokya II,KAMPALA,32.590,0.344
881,KAM91,HC III,NGO,2,4,8,Banda Community,KAMPALA CITY COUNCIL,NAKAWA DIVISION,Nabisunsa,KAMPALA,32.635,0.344
882,KAM40,HC II,PRIVATE,0,1,12,Busingye Clinic,KAMPALA CITY COUNCIL,NAKAWA DIVISION,Ntinda,KAMPALA,32.616,0.344
884,KAM228,HC III,GOVERNMENT,0,5,7,Kawala,KAMPALA CITY COUNCIL,RUBAGA DIVISION,Kasubi,KAMPALA,32.552,0.345
885,KAM25,HC II,PRIVATE,0,1,12,Cornei Clinic,KAMPALA CITY COUNCIL,CENTRAL DIVISION,Kamwokya II,KAMPALA,32.591,0.345
886,KAM57,HC II,PRIVATE,0,0,12,St Catherine,KAMPALA CITY COUNCIL,KAWEMPE DIVISION,Makerere II,KAMPALA,32.560,0.345
887,KAM60,HC II,PRIVATE,0,0,12,Rb Medical,KAMPALA CITY COUNCIL,KAWEMPE DIVISION,Makerere I,KAMPALA,32.568,0.345
888,KAM61,HC II,PRIVATE,0,5,12,Afya,KAMPALA CITY COUNCIL,KAWEMPE DIVISION,Makerere I,KAMPALA,32.568,0.345
889,KAM90,HC III,GOVERNMENT,3,4,7,Itek,KAMPALA CITY COUNCIL,NAKAWA DIVISION,Nabisunsa,KAMPALA,32.632,0.345
890,KAM76,HC II,PRIVATE,0,0,12,Gloria Dental,KAMPALA CITY COUNCIL,KAWEMPE DIVISION,Mulago II,KAMPALA,32.577,0.345
891,KAM59,HC II,PRIVATE,0,0,12,Basic Med Health Clinic,KAMPALA CITY COUNCIL,KAWEMPE DIVISION,Makerere I,KAMPALA,32.568,0.345
892,KAM62,HC III,PRIVATE,4,15,9,Marie Stopes,KAMPALA CITY COUNCIL,KAWEMPE DIVISION,Makerere I,KAMPALA,32.567,0.345
893,KAM63,HC II,PRIVATE,0,1,12,Kavule Clinic,KAMPALA CITY COUNCIL,KAWEMPE DIVISION,Makerere I,KAMPALA,32.567,0.346
894,KAM77,HC II,PRIVATE,0,1,12,Alied Clinic,KAMPALA CITY COUNCIL,KAWEMPE DIVISION,Mulago II,KAMPALA,32.577,0.347
896,KAM58,HC III,PRIVATE,20,10,9,Kampala Mental,KAMPALA CITY COUNCIL,KAWEMPE DIVISION,Makerere I,KAMPALA,32.565,0.348
897,KAM26,HC II,PRIVATE,0,0,12,Chris Medical,KAMPALA CITY COUNCIL,NAKAWA DIVISION,Bukoto I,KAMPALA,32.598,0.348
899,KAM27,HC II,PRIVATE,0,0,12,Erina Clinic,KAMPALA CITY COUNCIL,NAKAWA DIVISION,Bukoto I,KAMPALA,32.598,0.349
900,KAM31,HOSPITAL,PRIVATE,25,10,3,Kadic,KAMPALA CITY COUNCIL,NAKAWA DIVISION,Bukoto I,KAMPALA,32.603,0.350
902,KAM32,HC II,PRIVATE,0,0,12,Kanazi Polyclinic,KAMPALA CITY COUNCIL,NAKAWA DIVISION,Naguru II,KAMPALA,32.608,0.350
903,KAM89,HC II,PRIVATE,0,2,12,Mirembe Clinic,KAMPALA CITY COUNCIL,NAKAWA DIVISION,Bukoto I,KAMPALA,32.598,0.350
905,KAM50,HC II,PRIVATE,0,1,12,Bwaise Clinic,KAMPALA CITY COUNCIL,KAWEMPE DIVISION,Bwaise III,KAMPALA,32.562,0.351
906,KAM30,HC II,PRIVATE,0,0,12,Job Clinic,KAMPALA CITY COUNCIL,NAKAWA DIVISION,Bukoto I,KAMPALA,32.597,0.351
907,KAM194,HC III,PRIVATE,0,2,9,Akugora Clinic,KAMPALA CITY COUNCIL,KAWEMPE DIVISION,Bwaise III,KAMPALA,32.558,0.351
908,KAM29,HC II,PRIVATE,0,0,12,Phoenix Clinic,KAMPALA CITY COUNCIL,NAKAWA DIVISION,Bukoto I,KAMPALA,32.597,0.351
909,KAM88,HC II,PRIVATE,0,0,12,Bukoto Clinic,KAMPALA CITY COUNCIL,NAKAWA DIVISION,Bukoto I,KAMPALA,32.597,0.351
911,KAM65,HC II,PRIVATE,0,0,12,Family Clinic & Martenity,KAMPALA CITY COUNCIL,KAWEMPE DIVISION,Bwaise III,KAMPALA,32.556,0.352
912,KAM64,HC II,PRIVATE,8,3,12,Mk Med Center,KAMPALA CITY COUNCIL,KAWEMPE DIVISION,Bwaise III,KAMPALA,32.558,0.352
913,KAM66,HC III,PRIVATE,2,2,9,Galaxy,KAMPALA CITY COUNCIL,KAWEMPE DIVISION,Bwaise II,KAMPALA,32.558,0.352
914,KAM78,HC II,PRIVATE,0,0,12,Jb Clinic,KAMPALA CITY COUNCIL,KAWEMPE DIVISION,Kyebando,KAMPALA,32.586,0.352
915,KAM72,HC III,PRIVATE,2,1,9,Life Care Nursinghome,KAMPALA CITY COUNCIL,KAWEMPE DIVISION,Bwaise III,KAMPALA,32.563,0.353
917,KAM70,HC II,PRIVATE,0,0,12,Katonga,KAMPALA CITY COUNCIL,KAWEMPE DIVISION,Bwaise II,KAMPALA,32.560,0.353
919,KAM71,HC II,PRIVATE,0,0,12,Bwaise Health Center,KAMPALA CITY COUNCIL,KAWEMPE DIVISION,Bwaise II,KAMPALA,32.560,0.353
921,KAM39,HC II,PRIVATE,0,1,12,Ebenezer Dental Clinic,KAMPALA CITY COUNCIL,NAKAWA DIVISION,Ntinda,KAMPALA,32.614,0.355
922,KAM33,HC II,PRIVATE,0,0,12,Ntinda Medical Center,KAMPALA CITY COUNCIL,NAKAWA DIVISION,Bukoto II,KAMPALA,32.613,0.355
923,KAM38,HC II,PRIVATE,0,1,12,Ntinda Polyclinic,KAMPALA CITY COUNCIL,NAKAWA DIVISION,Ntinda,KAMPALA,32.614,0.355
925,KAM34,HC II,PRIVATE,0,1,12,Pioneer Clinic,KAMPALA CITY COUNCIL,NAKAWA DIVISION,Bukoto II,KAMPALA,32.612,0.356
926,KAM35,HC II,PRIVATE,0,1,12,Kikube,KAMPALA CITY COUNCIL,NAKAWA DIVISION,Bukoto II,KAMPALA,32.613,0.356
928,KAM36,HC II,PRIVATE,0,0,12,Kyaterekera,KAMPALA CITY COUNCIL,NAKAWA DIVISION,Bukoto II,KAMPALA,32.613,0.356
930,KAM37,HC II,PRIVATE,0,1,12,Molleb Martenity,KAMPALA CITY COUNCIL,NAKAWA DIVISION,Bukoto II,KAMPALA,32.612,0.356
933,KAM190,HC II,PRIVATE,0,1,12,Singabadda,KAMPALA CITY COUNCIL,KAWEMPE DIVISION,Bwaise I,KAMPALA,32.565,0.360
934,KAM10,HC II,PRIVATE,0,1,12,Two Medic Clinic,KAMPALA CITY COUNCIL,KAWEMPE DIVISION,Bwaise II,KAMPALA,32.561,0.360
939,KAM9,HC II,PRIVATE,0,1,12,Seya,KAMPALA CITY COUNCIL,KAWEMPE DIVISION,Kawempe I,KAMPALA,32.563,0.362
940,KAM8,HC II,PRIVATE,0,1,12,God'S Grace Mc,KAMPALA CITY COUNCIL,KAWEMPE DIVISION,Kawempe I,KAMPALA,32.565,0.363
942,KAM7,HC II,PRIVATE,0,1,12,Kawempe Mbogo,KAMPALA CITY COUNCIL,KAWEMPE DIVISION,Kawempe I,KAMPALA,32.565,0.364
946,KAM52,HC II,PRIVATE,0,2,12,Topcare,KAMPALA CITY COUNCIL,KAWEMPE DIVISION,Kyebando,KAMPALA,32.577,0.368
947,KAM53,HC II,PRIVATE,12,5,12,St Stephene,KAMPALA CITY COUNCIL,KAWEMPE DIVISION,Kanyanya,KAMPALA,32.576,0.368
950,KAM1,HC III,GOVERNMENT,14,8,7,Kawempe Hc,KAMPALA CITY COUNCIL,KAWEMPE DIVISION,Kazo Ward,KAMPALA,32.559,0.369
952,KAM86,HC III,NGO,0,2,8,Kikaya Cou,KAMPALA CITY COUNCIL,KAWEMPE DIVISION,Kikaya,KAMPALA,32.597,0.370
953,KAM193,HC III,NGO,1,4,8,Bahai Clinic,KAMPALA CITY COUNCIL,KAWEMPE DIVISION,Kikaya,KAMPALA,32.590,0.370
955,KAM191,HC III,PRIVATE,2,4,9,St Charles Clinic,KAMPALA CITY COUNCIL,KAWEMPE DIVISION,Kanyanya,KAMPALA,32.581,0.371
957,KAM74,HC II,PRIVATE,0,0,12,Empire,KAMPALA CITY COUNCIL,KAWEMPE DIVISION,Kawempe I,KAMPALA,32.567,0.372
958,KAM73,HC II,PRIVATE,0,0,12,Mariam,KAMPALA CITY COUNCIL,KAWEMPE DIVISION,Kawempe I,KAMPALA,32.568,0.373
962,KAM79,HC II,PRIVATE,0,0,12,Kanyanya Hc,KAMPALA CITY COUNCIL,KAWEMPE DIVISION,Kanyanya,KAMPALA,32.586,0.376
963,KAM87,HC III,PRIVATE,14,8,9,Kisasi Med Center,KAMPALA CITY COUNCIL,KAWEMPE DIVISION,Kikaya,KAMPALA,32.595,0.376
964,KAM2,HC II,PRIVATE,0,1,12,St John Family Care,KAMPALA CITY COUNCIL,KAWEMPE DIVISION,Kazo Ward,KAMPALA,32.556,0.376
965,KAM80,HC II,PRIVATE,8,5,12,Sb Domiciliary,KAMPALA CITY COUNCIL,KAWEMPE DIVISION,Kanyanya,KAMPALA,32.576,0.378
966,KAM5,HC II,PRIVATE,0,1,12,Machs Health Center,KAMPALA CITY COUNCIL,KAWEMPE DIVISION,Kazo Ward,KAMPALA,32.557,0.379
967,KAM192,HC III,PRIVATE,0,1,9,St Kizito,KAMPALA CITY COUNCIL,KAWEMPE DIVISION,Kanyanya,KAMPALA,32.580,0.379
968,KAM3,HC II,PRIVATE,0,1,12,Mirembe Mc,KAMPALA CITY COUNCIL,KAWEMPE DIVISION,Kazo Ward,KAMPALA,32.556,0.379
969,KAM4,HC II,PRIVATE,0,1,12,Byansi,KAMPALA CITY COUNCIL,KAWEMPE DIVISION,Kazo Ward,KAMPALA,32.556,0.379
972,KAM81,HC II,PRIVATE,0,0,12,St Paul Med Center,KAMPALA CITY COUNCIL,KAWEMPE DIVISION,Kawempe II,KAMPALA,32.576,0.382
974,KAM6,HC II,PRIVATE,1,1,12,Mubeezi Hc,KAMPALA CITY COUNCIL,KAWEMPE DIVISION,Kawempe II,KAMPALA,32.560,0.382
975,KAM83,HC II,PRIVATE,0,0,12,Drabeth,KAMPALA CITY COUNCIL,KAWEMPE DIVISION,Kawempe II,KAMPALA,32.576,0.382
983,KAM85,HC III,GOVERNMENT,0,4,7,Komamboga,KAMPALA CITY COUNCIL,KAWEMPE DIVISION,Komamboga,KAMPALA,32.584,0.391
985,KAM213,HC III,GOVERNMENT,0,4,7,Kyanja,KAMPALA CITY COUNCIL,NAKAWA DIVISION,Kyanja,KAMPALA,32.601,0.392
993,KAM84,HC II,PRIVATE,0,2,12,Mpererwe Med Center,KAMPALA CITY COUNCIL,KAWEMPE DIVISION,Mpererwe,KAMPALA,32.581,0.397
996,KAM82,HOSPITAL,NGO,10,5,2,St Stephene Cou,KAMPALA CITY COUNCIL,KAWEMPE DIVISION,Mpererwe,KAMPALA,32.575,0.399
